{"cameraMode":{"drawMode":0,"name":"Shaded","section":"Shading Mode"},"sceneLighting":true,"audioPlay":false,"sceneViewState":{"m_AlwaysRefresh":false,"showFog":true,"showSkybox":true,"showFlares":true,"showImageEffects":true,"showParticleSystems":true,"showVisualEffectGraphs":true,"m_FxEnabled":true},"in2DMode":false,"pivot":{"x":-8.135623931884766,"y":-22.04320526123047,"z":167.19732666015626},"rotation":{"x":-0.07104039937257767,"y":0.016755662858486177,"z":-0.0011877281358465553,"w":-0.997338593006134},"size":92.55095672607422,"orthographic":false}